item_id,title,genres,year,description,item_idx
1,The Last Promise,Documentary|Animation,1994.0,friendship road journey journey talking adventure journey playful road colorful culture story fairy playful,0
2,The Burning Mirror,Animation,2016.0,fairy friends young secret animated kingdom adventure small unexpected night,1
3,The Midnight Summit,Animation,1992.0,magical musical talking toy toy musical kingdom musical island talking adventure,2
4,The Last Legacy,Animation|Comedy|Horror,1989.0,world young dark awkward friends road magical night hilarious kingdom hilarious,3
5,The Hidden Empire,Drama,1988.0,betrayal struggle road ambition struggle betrayal betrayal betrayal secret sacrifice betrayal loss,4
6,The Frozen Storm,Drama|Documentary|Action,2023.0,unexpected rescue past ambition young past choices nature small soldier nature,5
7,The Electric Promise,Animation,1999.0,animated playful colorful animated animated fairy animated playful talking adventure animated,6
8,The Electric Promise 2,Documentary,2001.0,,7
9,The Frozen Garden,Comedy|Animation,2021.0,hilarious musical dragon hilarious party mishap kingdom toy past magical,8
10,The Hollow Voyage,Animation|Drama|Romance,2013.0,struggle journey night sacrifice destiny choices loss reunion adventure heartbreak city friendship,9
11,The Frozen Echo,Action,2024.0,fight chase explosive fight secret explosive mystery revenge journey fast fight mercenary chase mercenary,10
12,The Broken Letter,Documentary,2016.0,culture young nature wildlife investigation unexpected mystery city archive real,11
13,The Forgotten Frontier,Drama|Sci-Fi,1984.0,small ambition grief planet cyber young grief past small ambition,12
14,The Midnight Machine,Horror|Romance,1989.0,heartbreak town young haunted secret monster summer island dance demon kiss haunted small ghost,13
15,The Frozen Mirror,Drama,2002.0,courtroom family emotional truth redemption unexpected redemption loss emotional redemption emotional,14
16,The Rising Horizon,Comedy|Horror|Romance,1998.0,roommates friendship unexpected island night proposal dance quirky letters passion,15
17,The Last Orchard,Romance,1992.0,couple night mystery proposal destiny story dance world journey destiny,16
18,The Bright Empire,Romance|Comedy,1996.0,destiny secret mystery chaos mishap letters love road friendship hilarious dance hilarious,17
19,The Bright Machine,Comedy,1988.0,party city prank prank wedding prank party hilarious mishap banter,18
20,The Crimson Frontier,Horror|Action|Documentary,2016.0,archive expedition expedition night ghost unexpected cabin expedition nature story culture scream,19
21,The Broken Promise,Comedy,2014.0,banter small friendship wedding banter banter party prank town party world friendship party,20
22,The Electric Echo,Horror,2013.0,ritual night curse mystery past scream cabin monster monster dark demon,21
23,The Last Storm,Horror,1998.0,dark road fear scream ghost dark dark unexpected scream unexpected ritual dark cabin past,22
24,The Midnight Summit 2,Sci-Fi|Action,1984.0,road fight young weapon heist planet revenge secret friendship young road unexpected,23
25,The Burning Promise,Horror|Sci-Fi,1981.0,future ritual alien future young demon haunted city time small scream friendship curse,24
26,The Forgotten Signal,Drama|Animation,1981.0,playful magical friends secret talking mystery struggle redemption animated emotional road,25
27,The Eternal Voyage,Romance,1994.0,town couple letters destiny soulmate town young destiny friendship city past passion proposal,26
28,The Rising River,Drama|Comedy,2003.0,family chaos silly mishap banter family young betrayal banter prank mishap secret,27
29,The Frozen Signal,Sci-Fi|Horror,2020.0,dark secret nightmare alien robot cabin young future fear night road,28
30,The Electric Legacy,Romance,1997.0,summer friendship soulmate mystery world love destiny letters couple unexpected heartbreak,29
31,The Final Shadow,Comedy,1981.0,mishap silly roommates hilarious unexpected banter journey mishap past hilarious mishap awkward,30
32,The Eternal Storm,Comedy,2001.0,awkward hilarious city roommates roommates roommates wedding laugh island laugh prank roommates,31
33,The Midnight Harbor,Horror|Documentary|Action,2025.0,,32
34,The Final Echo,Romance|Action|Documentary,2015.0,fight chase island nature summer chase heist chase summer revenge couple road fight,33
35,The Last Voyage,Romance|Sci-Fi,1980.0,,34
36,The Forgotten Signal 2,Documentary|Drama,2023.0,grief family facts choices archive road young investigation mystery science past society town loss,35
37,The Rising Garden,Drama,2001.0,journey journey courtroom story emotional redemption grief family struggle choices,36
38,The Burning Voyage,Comedy|Documentary,1996.0,party chaos city world secret prank island nature chaos hilarious,37
39,The Lost Horizon,Action|Romance|Horror,1993.0,friendship hero road fast story ghost mystery ghost kiss rescue fear passion,38
40,The Wild Legacy,Action|Comedy|Horror,2000.0,journey road small journey prank mystery world ghost cabin prank heist mercenary town,39
41,The Final Mirror,Romance|Action|Horror,2016.0,proposal ritual hero road weapon heartbreak letters reunion secret revenge,40
42,The Broken Machine,Comedy|Documentary,2017.0,young awkward awkward history facts journey real roommates nature culture secret archive facts,41
43,The Distant Shadow,Action|Romance,1982.0,love journey hero summer chase letters couple story past letters,42
44,The Last Harbor,Horror|Animation,2014.0,fear small cabin demon musical playful talking dragon past ritual night dark scream,43
45,The Forgotten Machine,Comedy|Animation|Romance,1989.0,quirky banter silly island young silly destiny mishap adventure roommates city awkward mystery unexpected,44
46,The Midnight Machine 2,Drama|Sci-Fi,1981.0,grief grief ambition city sacrifice emotional betrayal experiment secret night truth,45
47,The Hollow Echo,Horror|Romance|Sci-Fi,2007.0,island future scream destiny letters future mystery robot secret unexpected road city ritual quantum,46
48,The Bright Kingdom,Drama|Animation|Documentary,1992.0,grief sacrifice unexpected world real choices road secret betrayal town facts,47
49,The Hidden Legacy,Sci-Fi|Action|Comedy,1987.0,wedding unexpected awkward silly weapon mystery colony colony unexpected future city chase,48
50,The Distant Garden,Comedy,2021.0,past chaos town banter world party town roommates mishap roommates mishap secret,49
51,The Hollow Signal,Romance|Drama,1982.0,passion city betrayal secret passion love proposal choices small young emotional,50
52,The Hollow River,Sci-Fi|Action|Drama,1991.0,spaceship unexpected road world truth unexpected small cyber planet rescue choices night unexpected,51
53,The Forgotten Promise,Horror|Drama,2015.0,demon unexpected young island demon courtroom secret scream journey friendship loss road,52
54,The Forgotten Legacy,Comedy|Drama,2004.0,loss road hilarious friendship family quirky night grief night chaos redemption,53
55,The Rising Shadow,Documentary|Horror,1982.0,archive unexpected archive science road science monster history facts real island,54
56,The Crimson Promise,Comedy|Drama,1994.0,road young banter wedding awkward prank truth emotional sacrifice story small,55
57,The Wild Voyage,Romance|Animation,1993.0,proposal heartbreak city proposal couple town reunion island journey friends letters journey,56
58,The Frozen Orchard,Drama|Comedy,2024.0,betrayal awkward sacrifice roommates awkward family betrayal loss banter mishap world mystery,57
59,The Silent Garden,Sci-Fi|Action,2012.0,fast mercenary small experiment explosive night planet past cyber future alien time unexpected,58
60,The Hidden Garden,Animation|Action,1991.0,fast kingdom dragon friends rescue road past night hero toy,59
61,The Midnight Legacy,Horror,1983.0,story ritual demon young curse past ritual world island island haunted dark,60
62,The Burning Voyage 2,Sci-Fi|Romance,2006.0,world cyber colony love soulmate alien passion summer colony dance android proposal,61
63,The Bright Orchard,Action,2014.0,,62
64,The Last Promise 2,Comedy,2000.0,night wedding mishap banter unexpected story prank chaos awkward silly,63
65,The Wild Frontier,Action,1982.0,mystery hero past story past story city island soldier journey,64
66,The Wild Orchard,Sci-Fi|Romance,1989.0,heartbreak town journey past planet proposal road summer spaceship kiss road proposal soulmate,65
67,The Last Orchard 2,Documentary,2023.0,small interview town archive interview nature real city nature town past expedition,66
68,The Forgotten Harbor,Action|Comedy,1980.0,rescue mercenary mercenary chase battle fast rescue rescue revenge weapon soldier explosive revenge night,67
69,The Distant River,Drama|Comedy,1981.0,emotional chaos betrayal young quirky redemption silly past small unexpected,68
70,The Lost Mirror,Animation,2013.0,fairy night animated world animated past animated adventure road talking friends world,69
71,The Secret Horizon,Sci-Fi|Documentary|Drama,2010.0,choices history choices grief truth colony robot family emotional interview experiment cyber family,70
72,The Crimson Mirror,Action|Romance|Drama,1987.0,grief soulmate letters emotional loss island ambition world town passion,71
73,The Secret Summit,Horror|Romance,1995.0,demon story nightmare haunted demon nightmare nightmare curse summer demon,72
74,The Silent Horizon,Action,2022.0,secret night hero hero friendship unexpected young chase unexpected explosive hero,73
75,The Hollow Empire,Action|Documentary,2022.0,nature unexpected culture night fight science chase society soldier city friendship,74
76,The Bright Kingdom 2,Sci-Fi,1987.0,android spaceship android colony android road secret past road planet android friendship colony,75
77,The Final Kingdom,Animation,2001.0,mystery kingdom mystery friends friends kingdom journey secret magical kingdom toy,76
78,The Midnight Legacy 2,Comedy,1984.0,party secret past quirky journey night wedding chaos roommates young secret banter hilarious,77
79,The Golden Orchard,Sci-Fi|Drama,1993.0,road past future grief emotional planet time spaceship spaceship colony experiment truth choices,78
80,The Frozen Promise,Romance|Drama|Sci-Fi,2019.0,spaceship planet town love couple robot future young colony struggle unexpected story heartbreak letters,79
81,The Secret Legacy,Animation|Sci-Fi,2008.0,spaceship spaceship playful island friends friendship mystery alien spaceship story,80
82,The Midnight Mirror,Action,1981.0,town secret battle chase mercenary mercenary mystery young explosive soldier heist chase soldier young,81
83,The Midnight Machine 3,Action,2012.0,mercenary secret chase fight soldier rescue friendship chase fight fast revenge explosive,82
84,The Lost Signal,Animation|Action,1986.0,battle town weapon soldier story playful chase island playful world,83
85,The Lost River,Action|Documentary,1984.0,journey nature culture fast rescue hero wildlife rescue culture science fast town,84
86,The Golden Empire,Comedy,2016.0,hilarious city party journey hilarious young roommates awkward party silly prank awkward,85
87,The Forgotten Shadow,Animation|Sci-Fi,1984.0,galaxy robot galaxy cyber past musical toy magical talking journey magical city talking island,86
88,The Burning Voyage 3,Action|Documentary,1982.0,unexpected island history heist facts soldier world past mercenary weapon hero,87
89,The Electric Signal,Action,1995.0,rescue revenge weapon unexpected revenge soldier chase hero fast heist revenge island soldier mercenary,88
90,The Final Fortress,Documentary,2024.0,night wildlife expedition interview society society society interview young night mystery interview city investigation,89
91,The Final Signal,Horror|Romance|Animation,1980.0,secret cabin ghost past colorful dance road kingdom summer dragon curse ritual friends,90
92,The Rising Legacy,Animation|Comedy,1986.0,talking silly small party island secret wedding hilarious roommates island mystery,91
93,The Rising Mirror,Sci-Fi,2008.0,android android spaceship cyber night colony future alien quantum friendship future alien future experiment,92
94,The Broken Echo,Horror|Action,1996.0,cabin blood ritual small mercenary mystery night chase revenge weapon night story,93
95,The Hidden Harbor,Action,2018.0,explosive fight chase fast unexpected fast chase past chase mystery hero,94
96,The Burning Frontier,Romance|Horror,1990.0,love cabin letters reunion island reunion nightmare reunion city island island night,95
97,The Distant Echo,Horror|Comedy|Sci-Fi,2018.0,scream fear laugh past robot silly quirky secret robot town fear colony,96
98,The Secret Empire,Documentary|Animation,1991.0,small city world journey world expedition adventure culture toy adventure,97
99,The Lost Garden,Documentary|Sci-Fi,1987.0,quantum robot robot facts culture robot android young future young history robot night archive,98
100,The Lost Storm,Comedy|Animation,1996.0,night past toy mystery hilarious young kingdom colorful young animated fairy,99
101,The Eternal Letter,Comedy|Documentary,2016.0,mishap hilarious science real society real past investigation laugh young,100
102,The Rising Legacy 2,Comedy,2016.0,island hilarious hilarious roommates laugh awkward journey silly mystery city mishap,101
103,The Rising Kingdom,Documentary,2007.0,,102
104,The Forgotten Storm,Drama,1996.0,truth emotional young courtroom unexpected loss ambition choices choices redemption family loss,103
105,The Crimson Promise 2,Documentary,1991.0,science mystery wildlife facts secret road wildlife culture expedition unexpected culture real nature,104
106,The Crimson Shadow,Romance,1990.0,proposal heartbreak secret soulmate letters passion couple world soulmate soulmate road road kiss,105
107,The Forgotten Mirror,Horror|Sci-Fi,1982.0,robot world demon future galaxy demon night fear android monster alien,106
108,The Electric Kingdom,Horror|Sci-Fi,2005.0,cabin colony friendship cyber curse quantum spaceship galaxy blood blood future,107
109,The Last Empire,Comedy|Documentary|Action,1988.0,nature chaos roommates laugh culture hilarious party culture party banter night wedding,108
110,The Midnight Letter,Action|Romance|Sci-Fi,2004.0,planet world revenge heist night couple planet fast cyber night mystery passion,109
111,The Golden Voyage,Sci-Fi|Action,2006.0,android weapon unexpected hero alien heist android heist time heist,110
112,The Electric Horizon,Comedy|Horror,1995.0,curse monster awkward wedding ritual road roommates wedding friendship small blood city city roommates,111
113,The Electric Harbor,Romance,1992.0,soulmate island island heartbreak summer passion heartbreak passion kiss reunion,112
114,The Hollow Orchard,Documentary|Sci-Fi,2017.0,small small experiment quantum history quantum archive cyber nature island,113
115,The Frozen Signal 2,Animation,2002.0,animated colorful musical playful small dragon journey journey friends adventure secret friendship,114
116,The Rising Summit,Romance|Horror,2008.0,town ghost reunion soulmate monster destiny reunion demon demon summer nightmare dance secret town,115
117,The Silent Promise,Drama,2007.0,betrayal night world world city redemption unexpected secret ambition small,116
118,The Rising Shadow 2,Romance|Sci-Fi,2017.0,couple letters alien couple experiment experiment dance story proposal journey,117
119,The Burning Mirror 2,Documentary|Action,1994.0,real fight archive archive culture unexpected fast investigation revenge island city young soldier interview,118
120,The Lost Frontier,Sci-Fi,2000.0,city galaxy road galaxy time quantum city time secret galaxy,119
121,The Golden Orchard 2,Comedy|Animation,1982.0,playful silly dragon banter kingdom roommates magical town mishap fairy silly town mystery,120
122,The Last Frontier,Sci-Fi|Action,1982.0,planet hero world small city weapon future fight experiment spaceship weapon,121
123,The Distant Empire,Documentary|Drama|Animation,2017.0,interview adventure science nature kingdom small wildlife town emotional story adventure real unexpected expedition,122
124,The Forgotten Mirror 2,Comedy,1980.0,journey city prank banter hilarious awkward banter silly prank mystery unexpected unexpected small prank,123
125,The Forgotten River,Comedy,1988.0,banter night road banter secret roommates hilarious wedding story laugh,124
126,The Broken Voyage,Action|Animation,2005.0,heist heist fast weapon fight fast musical colorful friendship colorful musical fairy,125
127,The Broken Harbor,Drama,2001.0,friendship past struggle courtroom courtroom ambition courtroom choices family grief betrayal struggle truth unexpected,126
128,The Burning Garden,Romance|Drama|Action,2005.0,town city redemption fast couple heartbreak dance rescue betrayal heartbreak couple betrayal chase,127
129,The Burning Garden 2,Sci-Fi|Action,2016.0,,128
130,The Broken Orchard,Romance,1991.0,story heartbreak heartbreak summer world mystery small heartbreak proposal love summer love,129
131,The Forgotten Signal 3,Comedy,1981.0,silly quirky awkward night awkward prank laugh laugh friendship roommates quirky,130
132,The Crimson Letter,Comedy,1980.0,silly silly awkward chaos wedding banter chaos wedding roommates prank past story,131
133,The Secret Orchard,Horror|Comedy,2019.0,story cabin quirky past quirky prank roommates past fear blood town monster unexpected,132
134,The Midnight Harbor 2,Action,1982.0,weapon rescue fast story island heist mercenary soldier revenge rescue,133
135,The Distant Orchard,Romance,2025.0,love dance friendship proposal heartbreak destiny soulmate journey world dance proposal,134
136,The Crimson River,Horror,1981.0,ritual dark cabin cabin haunted haunted city curse secret friendship,135
137,The Broken Storm,Horror|Romance,1994.0,story friendship road ghost reunion night haunted journey reunion ritual,136
138,The Midnight Voyage,Romance|Animation|Sci-Fi,2025.0,adventure dragon world island proposal world island toy secret town musical colorful,137
139,The Rising Promise,Romance|Action|Sci-Fi,2024.0,young night night cyber weapon cyber robot mercenary quantum rescue road secret,138
140,The Last Empire 2,Horror|Animation|Documentary,1980.0,archive nature young dark society talking adventure wildlife society haunted,139
141,The Crimson Voyage,Comedy|Drama,2023.0,mishap mishap friendship emotional ambition courtroom party city journey small family silly friendship,140
142,The Burning Voyage 4,Drama|Romance|Sci-Fi,2014.0,,141
143,The Midnight Letter 2,Action,1993.0,small world island soldier weapon soldier story friendship mercenary story unexpected island weapon,142
144,The Broken Orchard 2,Action,1991.0,battle hero fight fight heist revenge explosive fast battle heist mercenary hero,143
145,The Frozen Voyage,Comedy|Animation,2017.0,kingdom secret kingdom roommates journey friends laugh adventure dragon past animated awkward,144
146,The Hollow Kingdom,Sci-Fi,1990.0,friendship spaceship quantum cyber cyber future cyber galaxy time cyber,145
147,The Secret Harbor,Animation|Sci-Fi|Comedy,1980.0,toy galaxy kingdom banter galaxy adventure night night playful banter story,146
148,The Frozen Fortress,Comedy,2001.0,mishap banter night roommates roommates banter prank road mishap mishap hilarious journey awkward,147
149,The Hollow Mirror,Horror,2009.0,ghost blood world city unexpected island young world young ghost,148
150,The Crimson River 2,Documentary|Romance,1981.0,unexpected unexpected heartbreak town secret dance dance city society town couple archive,149
151,The Eternal Machine,Action|Horror,2025.0,monster unexpected revenge monster haunted small hero rescue friendship mercenary,150
152,The Silent Summit,Sci-Fi,2017.0,experiment story alien spaceship colony road colony young quantum time,151
153,The Frozen Garden 2,Romance|Action|Documentary,1980.0,expedition real island expedition explosive real summer couple weapon battle investigation,152
154,The Lost Orchard,Drama,1986.0,loss courtroom emotional ambition small road choices loss emotional truth redemption,153
155,The Lost Garden 2,Romance|Horror,1993.0,dark ghost monster couple friendship scream summer ghost summer monster curse world,154
156,The Burning Legacy,Documentary|Horror,2011.0,interview ritual small curse haunted facts demon expedition expedition cabin world interview blood,155
157,The Golden Kingdom,Comedy,2006.0,wedding silly chaos mishap prank prank small roommates city hilarious past island wedding party,156
158,The Hidden Legacy 2,Documentary|Animation,2020.0,wildlife society animated road magical toy nature colorful young history science world,157
159,The Electric Shadow,Documentary|Romance,1984.0,reunion soulmate investigation culture expedition couple soulmate soulmate story investigation letters reunion,158
160,The Final Promise,Documentary|Animation,2019.0,animated interview wildlife expedition society musical investigation dragon city colorful journey,159
161,The Lost Garden 3,Drama,1988.0,road journey emotional journey truth struggle courtroom truth courtroom redemption redemption,160
162,The Distant Letter,Sci-Fi,2020.0,planet time alien cyber galaxy planet colony galaxy android alien galaxy galaxy road,161
163,The Secret Horizon 2,Animation,1988.0,animated magical animated toy kingdom friendship night talking friends fairy adventure talking talking,162
164,The Hidden River,Animation,2009.0,friends fairy colorful island magical colorful island world dragon dragon musical fairy,163
165,The Golden Orchard 3,Action|Horror,2005.0,cabin demon island world curse fear dark battle chase town heist,164
166,The Frozen Echo 2,Horror,2000.0,city friendship monster young unexpected ghost ghost blood blood fear curse cabin ghost haunted,165
167,The Lost Machine,Action|Romance,1993.0,fast revenge letters dance proposal mercenary chase letters unexpected mercenary battle mercenary kiss world,166
168,The Rising Machine,Romance|Sci-Fi,2023.0,town journey mystery experiment alien young soulmate android soulmate time spaceship,167
169,The Secret Harbor 2,Animation|Romance,1997.0,small talking heartbreak unexpected unexpected couple talking love adventure young small,168
170,The Hidden Storm,Action|Horror,2004.0,fast rescue nightmare fast hero haunted monster ghost story chase dark,169
171,The Distant Kingdom,Romance,2002.0,heartbreak reunion summer destiny proposal road secret friendship destiny small soulmate island proposal soulmate,170
172,The Distant Fortress,Horror|Documentary,2000.0,dark monster journey history science facts journey expedition scream young scream island wildlife real,171
173,The Final Kingdom 2,Documentary,2024.0,real archive interview history history society nature real expedition secret facts history science,172
174,The Secret Letter,Sci-Fi,1988.0,town galaxy experiment cyber colony unexpected quantum past quantum cyber colony experiment robot,173
175,The Broken Signal,Action|Documentary,2001.0,,174
176,The Frozen River,Sci-Fi|Horror,2007.0,quantum fear demon road galaxy nightmare journey blood blood island,175
177,The Crimson Mirror 2,Drama,1988.0,ambition mystery loss redemption courtroom grief city truth loss family,176
178,The Secret Storm,Horror|Action|Drama,1983.0,struggle friendship haunted young unexpected soldier redemption emotional scream ritual story secret ambition friendship,177
179,The Broken Summit,Action|Documentary,2025.0,facts explosive island mercenary fight secret road unexpected fast culture,178
180,The Last Shadow,Romance|Action,2003.0,soldier past reunion town letters soldier road dance summer battle proposal dance,179
181,The Hollow Summit,Animation,1991.0,colorful toy secret animated talking magical past musical fairy toy adventure fairy,180
182,The Hidden Summit,Horror,1986.0,monster night city unexpected demon blood monster past night monster curse secret,181
183,The Golden Fortress,Animation,2006.0,playful animated talking talking magical magical friends magical talking animated young fairy animated,182
184,The Rising Harbor,Comedy|Drama,1995.0,quirky hilarious town ambition struggle laugh redemption story small courtroom mishap,183
185,The Silent Promise 2,Horror,1996.0,demon blood curse friendship fear ghost ritual ritual island dark ritual monster,184
186,The Lost Legacy,Romance,1990.0,young proposal small destiny proposal city heartbreak summer past unexpected heartbreak summer letters,185
187,The Midnight Echo,Sci-Fi|Horror,2004.0,cyber galaxy future demon city nightmare scream road alien dark cyber road quantum,186
188,The Bright Empire 2,Drama|Animation,2025.0,colorful road kingdom kingdom friends toy truth emotional small loss grief ambition,187
189,The Electric Shadow 2,Comedy|Drama,1992.0,secret secret mishap prank party struggle young unexpected chaos town hilarious,188
190,The Eternal Kingdom,Action|Comedy,2015.0,secret explosive hilarious friendship roommates night revenge banter awkward chase road young prank,189
191,The Silent Letter,Animation|Drama,1984.0,young colorful story kingdom island musical animated fairy small truth redemption friendship redemption,190
192,The Final Horizon,Documentary|Sci-Fi|Action,1994.0,battle society quantum colony facts secret soldier weapon expedition rescue wildlife expedition cyber,191
193,The Silent Garden 2,Horror,1999.0,fear curse ritual scream haunted monster nightmare road blood dark mystery blood cabin,192
194,The Last Machine,Action|Documentary|Drama,1998.0,fast town battle fight society redemption town soldier truth chase emotional battle,193
195,The Bright Signal,Comedy,2020.0,island roommates unexpected friendship roommates mishap young chaos secret world roommates awkward mishap,194
196,The Electric Signal 2,Documentary|Romance|Sci-Fi,1983.0,,195
197,The Eternal Orchard,Horror,1998.0,haunted cabin curse fear fear island scream haunted cabin scream night dark nightmare monster,196
198,The Electric Summit,Documentary,1998.0,history history past archive world facts society archive society science nature science secret nature,197
199,The Silent Signal,Action,2014.0,soldier explosive soldier mercenary revenge road heist road weapon weapon battle battle,198
200,The Crimson Harbor,Sci-Fi|Drama|Comedy,2003.0,android mystery wedding courtroom robot road awkward struggle courtroom colony hilarious small courtroom prank,199
201,The Secret Promise,Romance|Documentary,2020.0,summer small reunion dance science unexpected kiss reunion city friendship dance love love,200
202,The Lost Storm 2,Horror,1992.0,dark curse ghost cabin story secret friendship ghost past monster nightmare,201
203,The Rising Fortress,Animation|Action,1996.0,young mercenary fairy colorful toy musical colorful fight revenge colorful soldier,202
204,The Midnight Garden,Animation,2012.0,kingdom night young adventure dragon playful colorful colorful magical colorful dragon island,203
205,The Final River,Sci-Fi,2020.0,city road mystery alien time alien quantum island friendship journey town planet spaceship android,204
206,The Broken Horizon,Comedy|Drama,2025.0,banter redemption young small party courtroom ambition redemption laugh grief courtroom,205
207,The Crimson Garden,Documentary|Sci-Fi,1995.0,young future wildlife quantum small archive past archive secret nature robot archive,206
208,The Silent Legacy,Action,1994.0,mercenary rescue revenge weapon fast explosive battle friendship island revenge,207
209,The Secret Garden,Comedy,2010.0,banter banter secret prank friendship chaos wedding awkward party roommates silly,208
210,The Crimson Fortress,Romance|Comedy,2007.0,wedding silly young dance heartbreak secret heartbreak passion summer awkward,209
211,The Final Legacy,Documentary|Romance,1986.0,couple passion facts love real journey interview archive city heartbreak island archive,210
212,The Forgotten Orchard,Romance,1987.0,heartbreak summer road city proposal letters passion dance soulmate passion passion,211
213,The Midnight Signal,Animation,2012.0,magical playful animated kingdom kingdom talking playful past kingdom colorful musical,212
214,The Bright Machine 2,Sci-Fi,1990.0,spaceship story android experiment young future young spaceship story android colony young,213
215,The Silent Shadow,Romance,1984.0,love secret letters passion past letters small journey journey dance dance soulmate reunion,214
216,The Last Shadow 2,Sci-Fi|Documentary,2022.0,robot wildlife island facts spaceship time science quantum galaxy town history archive,215
217,The Hollow Garden,Drama,1993.0,unexpected past emotional sacrifice sacrifice loss redemption courtroom emotional friendship past family courtroom grief,216
218,The Midnight Garden 2,Horror,2007.0,friendship demon fear fear haunted haunted nightmare nightmare curse curse story demon past demon,217
219,The Wild Letter,Action|Horror,2021.0,journey ritual monster nightmare curse heist weapon heist weapon fear blood fast unexpected,218
220,The Last Echo,Romance,2014.0,reunion love letters heartbreak letters heartbreak summer heartbreak heartbreak secret secret destiny,219
221,The Secret Harbor 3,Horror|Romance,2000.0,scream nightmare dark dance nightmare ghost love destiny reunion blood secret,220
222,The Golden Voyage 2,Animation|Romance|Documentary,2013.0,couple playful dance young heartbreak science island letters road young wildlife island mystery soulmate,221
223,The Frozen Legacy,Drama|Comedy|Animation,2005.0,,222
224,The Lost Storm 3,Horror|Animation,1983.0,demon small playful curse playful nightmare kingdom demon ghost musical ritual,223
225,The Frozen Kingdom,Documentary|Horror,1990.0,,224
226,The Secret Letter 2,Drama,1981.0,story betrayal courtroom unexpected grief redemption island sacrifice small small sacrifice courtroom ambition,225
227,The Rising River 2,Action,2023.0,island secret world story mercenary young explosive rescue weapon city secret soldier town,226
228,The Wild Orchard 2,Comedy,2011.0,laugh roommates world mishap night prank mishap wedding wedding silly,227
229,The Golden Frontier,Romance,1996.0,heartbreak mystery heartbreak heartbreak island friendship reunion city destiny story love,228
230,The Hollow Garden 2,Animation,1983.0,story story playful road city dragon fairy dragon secret journey animated playful,229
231,The Electric Garden,Action|Comedy,1988.0,unexpected battle banter wedding fast hilarious mishap small hilarious fast,230
232,The Electric Mirror,Horror,1981.0,haunted journey dark young ritual nightmare cabin story fear demon ghost monster unexpected,231
233,The Silent Storm,Sci-Fi,1991.0,galaxy island young robot past future cyber friendship cyber planet android,232
234,The Broken Orchard 3,Horror,2009.0,monster small haunted scream city cabin ghost monster scream ritual monster ghost,233
235,The Broken Letter 2,Sci-Fi,2014.0,quantum cyber cyber robot road quantum cyber spaceship young alien colony,234
236,The Electric Machine,Animation|Romance|Action,1996.0,,235
237,The Midnight Voyage 2,Drama,2013.0,unexpected loss grief city ambition emotional young courtroom mystery town,236
238,The Distant Promise,Romance|Horror,2004.0,friendship world fear ghost summer scream nightmare blood ghost story dance ritual,237
239,The Hollow River 2,Drama,2022.0,past choices redemption sacrifice small story truth sacrifice family world truth emotional choices sacrifice,238
240,The Burning Garden 3,Action|Drama,2017.0,choices battle fast mercenary chase emotional secret heist family small choices sacrifice battle,239
241,The Crimson Machine,Action,2023.0,city weapon revenge hero secret city journey rescue explosive explosive fight,240
242,The Crimson Promise 3,Comedy|Drama|Horror,1984.0,small betrayal sacrifice mystery mishap night night cabin silly monster hilarious fear unexpected wedding,241
243,The Rising Horizon 2,Documentary|Sci-Fi,1984.0,investigation journey mystery story time story history world unexpected interview island mystery future,242
244,The Lost Fortress,Romance,1982.0,journey heartbreak friendship love road young summer friendship heartbreak friendship dance proposal island reunion,243
245,The Forgotten Frontier 2,Animation,2014.0,toy friendship musical animated city story playful talking unexpected talking dragon,244
246,The Final Summit,Sci-Fi,1990.0,galaxy night unexpected time spaceship colony night city cyber future,245
247,The Forgotten Frontier 3,Horror,2003.0,curse demon young ritual past secret road young blood blood scream journey cabin,246
248,The Crimson Mirror 3,Sci-Fi|Animation|Romance,1994.0,love couple animated town night story destiny alien past past talking colony,247
249,The Golden Echo,Drama|Animation,1997.0,colorful truth courtroom grief past fairy sacrifice magical adventure island animated choices,248
250,The Final Mirror 2,Romance,1991.0,heartbreak world island kiss town road summer couple young passion summer,249
251,The Golden Legacy,Action|Sci-Fi,2016.0,road spaceship past quantum alien future hero mercenary robot alien road rescue hero,250
252,The Secret Summit 2,Sci-Fi|Animation|Drama,2016.0,loss choices young fairy past story quantum choices colony redemption struggle,251
253,The Crimson Voyage 2,Comedy|Animation,2017.0,adventure banter mystery awkward talking silly island unexpected animated party young banter animated,252
254,The Frozen Horizon,Animation|Romance,2001.0,,253
255,The Crimson Horizon,Drama,1991.0,grief betrayal struggle ambition emotional ambition choices courtroom courtroom truth redemption loss,254
256,The Secret Shadow,Drama|Action,2023.0,friendship ambition truth road heist rescue emotional mercenary choices revenge heist grief explosive,255
257,The Hollow Machine,Action|Romance,2012.0,world dance passion mystery night reunion kiss heartbreak mercenary hero night unexpected road,256
258,The Secret Garden 2,Comedy,1980.0,chaos hilarious past unexpected past quirky journey young chaos journey mishap roommates wedding,257
259,The Bright Empire 3,Documentary|Drama|Sci-Fi,1981.0,quantum courtroom future unexpected struggle family society expedition archive mystery expedition,258
260,The Rising Orchard,Animation,1999.0,magical young musical kingdom fairy friendship fairy magical kingdom playful,259
261,The Eternal Garden,Action,2013.0,soldier revenge heist journey fight revenge explosive past battle explosive,260
262,The Broken Machine 2,Action,1980.0,chase small battle explosive heist chase rescue young fast road,261
263,The Lost Harbor,Comedy,1993.0,banter mishap secret hilarious laugh silly quirky silly roommates party hilarious party hilarious prank,262
264,The Final Garden,Horror|Drama,2017.0,grief secret grief curse choices dark nightmare loss town friendship unexpected,263
265,The Final Letter,Comedy|Drama,2025.0,mishap awkward silly story hilarious family silly ambition redemption party courtroom,264
266,The Wild Signal,Romance,2008.0,dance world mystery destiny love love small reunion story soulmate dance,265
267,The Broken Kingdom,Comedy|Animation,2022.0,friends prank small wedding story animated party roommates laugh laugh,266
268,The Wild Signal 2,Romance|Action,1999.0,battle soldier letters soulmate heist dance proposal heartbreak couple weapon summer summer,267
269,The Rising Garden 2,Horror|Sci-Fi|Animation,2018.0,dark scream dark friends haunted nightmare city nightmare small musical nightmare,268
270,The Frozen River 2,Sci-Fi,1983.0,future island experiment robot robot cyber quantum time city journey alien galaxy,269
271,The Electric Empire,Documentary|Comedy,2020.0,story wedding small expedition silly society journey silly past science,270
272,The Broken Signal 2,Documentary|Animation,1986.0,small journey road talking young investigation magical city interview town real colorful story musical,271
273,The Hollow Empire 2,Romance|Action,2018.0,heist hero letters friendship kiss weapon weapon heartbreak letters friendship explosive,272
274,The Midnight Orchard,Horror,1998.0,monster cabin town journey fear fear small past monster small island,273
275,The Frozen Legacy 2,Sci-Fi,1993.0,quantum journey android robot colony planet cyber alien alien world cyber friendship time spaceship,274
276,The Hollow Echo 2,Comedy|Documentary|Drama,1987.0,night small silly sacrifice ambition truth culture facts interview small world mishap island,275
277,The Hollow Harbor,Action,1985.0,chase city journey fight battle story battle hero chase battle,276
278,The Secret Fortress,Action|Documentary,2012.0,real secret chase battle soldier facts soldier history expedition fight real secret interview,277
279,The Electric Summit 2,Documentary|Animation,2019.0,archive animated society journey culture facts wildlife unexpected past history colorful friendship colorful expedition,278
280,The Forgotten Summit,Documentary,2010.0,unexpected facts expedition society real story archive history journey world story road real,279
281,The Frozen River 3,Drama,1980.0,sacrifice small courtroom betrayal courtroom redemption grief betrayal choices island betrayal truth betrayal mystery,280
282,The Rising Signal,Comedy,1993.0,laugh banter chaos roommates friendship roommates hilarious prank party hilarious silly,281
283,The Bright Horizon,Drama|Comedy|Horror,2018.0,roommates fear laugh friendship demon town silly road family road friendship courtroom,282
284,The Hidden Horizon,Documentary,1993.0,archive facts small history interview journey society science culture small,283
285,The Distant Orchard 2,Romance|Animation,2011.0,magical destiny world story road magical colorful colorful passion young toy,284
286,The Final Mirror 3,Sci-Fi|Comedy,2002.0,young silly quantum robot experiment party android journey journey prank alien,285
287,The Crimson River 3,Horror,2011.0,nightmare town ghost road scream night dark cabin story nightmare nightmare cabin,286
288,The Silent Echo,Horror,1993.0,scream blood ritual town cabin story demon curse haunted haunted city dark small demon,287
289,The Final Fortress 2,Romance,1994.0,mystery secret letters friendship city soulmate town love city kiss,288
290,The Bright Garden,Sci-Fi|Animation,2000.0,time world alien cyber past mystery colony night night adventure friends story night,289
291,The Last Machine 2,Horror,2008.0,monster demon dark small curse monster monster nightmare ghost city haunted,290
292,The Golden Empire 2,Drama|Documentary,1980.0,past nature emotional ambition sacrifice betrayal choices friendship nature culture secret culture city,291
293,The Midnight Letter 3,Documentary|Comedy,2016.0,nature science party history history hilarious investigation real mystery laugh science,292
294,The Burning Empire,Animation|Drama|Comedy,2018.0,ambition chaos mishap small redemption mishap talking grief story choices,293
295,The Hollow Machine 2,Comedy|Drama,1988.0,redemption family loss awkward emotional town unexpected choices friendship wedding courtroom road,294
296,The Hollow Letter,Comedy|Documentary,1981.0,banter party friendship wildlife town world nature silly archive real history roommates,295
297,The Hidden Storm 2,Documentary|Animation,2021.0,society science adventure town small adventure magical friendship expedition archive small,296
298,The Lost Machine 2,Documentary|Romance,1995.0,letters passion interview heartbreak secret young night culture nature investigation,297
299,The Wild Promise,Comedy,1999.0,laugh quirky mishap silly chaos hilarious silly chaos prank roommates,298
300,The Distant Frontier,Romance,2007.0,couple summer love heartbreak young island letters letters reunion summer love heartbreak journey proposal,299
301,The Distant Promise 2,Drama|Animation|Documentary,1999.0,loss past young young talking history talking unexpected island animated interview mystery mystery,300
302,The Electric Garden 2,Drama|Sci-Fi,2023.0,galaxy experiment town secret choices spaceship story experiment time friendship,301
303,The Hollow Fortress,Sci-Fi|Drama,2005.0,night island town road mystery ambition small android android quantum ambition choices family betrayal,302
304,The Lost Fortress 2,Horror|Comedy,2016.0,mishap silly chaos quirky roommates banter story town mystery friendship party wedding,303
305,The Secret Summit 3,Action,1982.0,explosive soldier fast city young fast young journey fast explosive fast journey,304
306,The Hollow Voyage 2,Romance,2010.0,summer summer unexpected secret passion love passion road summer letters couple reunion,305
307,The Forgotten Echo,Action|Sci-Fi|Horror,2002.0,revenge android cyber secret island explosive revenge mercenary road hero hero,306
308,The Burning Frontier 2,Animation|Comedy|Drama,2016.0,wedding playful choices playful awkward magical fairy kingdom young night world struggle dragon toy,307
309,The Hidden Kingdom,Comedy|Horror,2016.0,silly road night cabin monster unexpected awkward roommates monster mystery island curse silly chaos,308
310,The Last Garden,Action,2023.0,mercenary soldier mercenary hero rescue hero hero explosive past mystery heist mercenary revenge mercenary,309
311,The Midnight Voyage 3,Comedy|Drama|Animation,1984.0,friends friends courtroom truth hilarious party redemption secret ambition world world,310
312,The Broken Mirror,Comedy|Sci-Fi|Horror,1989.0,friendship experiment story ritual city unexpected world silly galaxy spaceship story blood small,311
313,The Distant Horizon,Action|Sci-Fi,2005.0,mercenary quantum mercenary explosive road cyber time fast battle chase future revenge,312
314,The Lost Echo,Sci-Fi|Romance,2023.0,heartbreak friendship proposal secret destiny time time island kiss robot galaxy heartbreak past,313
315,The Frozen Echo 3,Romance|Animation,1996.0,heartbreak island passion proposal destiny animated talking letters reunion road reunion talking soulmate road,314
316,The Electric Harbor 2,Sci-Fi|Horror,2002.0,alien friendship story world story city scream haunted night scream colony world night story,315
317,The Midnight Echo 2,Comedy|Horror,1986.0,ghost banter small silly young blood secret journey laugh party unexpected monster wedding,316
318,The Broken Legacy,Drama|Horror|Documentary,2016.0,demon sacrifice friendship cabin small family journey sacrifice curse island monster,317
319,The Hidden Kingdom 2,Sci-Fi,1992.0,experiment alien spaceship time colony cyber island time future quantum night mystery night robot,318
320,The Forgotten Letter,Romance,2001.0,world destiny summer proposal love journey letters friendship destiny couple soulmate,319
321,The Burning Letter,Drama,1986.0,sacrifice city family redemption friendship family choices past night ambition,320
322,The Bright Voyage,Action,1981.0,unexpected past friendship explosive soldier explosive journey heist heist revenge hero fight soldier battle,321
323,The Forgotten Harbor 2,Animation,2006.0,adventure secret road musical dragon road kingdom talking magical friends unexpected,322
324,The Rising Fortress 2,Sci-Fi|Comedy,2018.0,town alien time chaos town planet hilarious spaceship future mishap mystery future island,323
325,The Secret Machine,Horror|Animation,1995.0,fear fear scream secret unexpected young colorful ghost demon demon,324
326,The Rising Legacy 3,Sci-Fi,2025.0,future time planet small experiment android quantum colony island time alien friendship colony,325
327,The Hidden Machine,Documentary,2021.0,archive real archive investigation facts story mystery real expedition archive interview world road real,326
328,The Wild Fortress,Documentary|Drama,1982.0,society real mystery investigation courtroom unexpected unexpected loss struggle family society redemption,327
329,The Forgotten Frontier 4,Animation|Documentary,1989.0,animated animated playful magical secret town fairy wildlife magical friends night toy culture,328
330,The Last Kingdom,Sci-Fi|Romance|Comedy,2020.0,party destiny reunion hilarious story hilarious cyber banter laugh proposal young,329
331,The Broken Shadow,Animation,1981.0,adventure playful musical adventure island adventure playful animated story small,330
332,The Silent Horizon 2,Documentary,1993.0,science facts world wildlife culture society real night story expedition small,331
333,The Wild Legacy 2,Animation|Sci-Fi,1988.0,,332
334,The Frozen Summit,Romance|Horror,2005.0,monster ritual proposal mystery blood past past small ghost curse past,333
335,The Final Garden 2,Romance,2015.0,story reunion soulmate letters love summer town letters passion kiss,334
336,The Secret Frontier,Animation|Documentary,1996.0,wildlife world investigation facts culture wildlife nature past culture facts,335
337,The Distant Empire 2,Drama|Sci-Fi,2006.0,road night planet galaxy time unexpected truth ambition grief galaxy ambition sacrifice,336
338,The Distant Shadow 2,Horror,2001.0,scream nightmare ritual nightmare blood nightmare nightmare curse curse blood scream dark scream young,337
339,The Wild Empire,Sci-Fi,2000.0,cyber experiment cyber spaceship future experiment colony colony secret android time galaxy,338
340,The Frozen Letter,Horror|Sci-Fi,2001.0,secret android time future world time mystery time mystery scream fear robot unexpected nightmare,339
341,The Electric Garden 3,Horror,2018.0,demon road demon blood journey fear monster small secret secret dark dark night ritual,340
342,The Secret Storm 2,Comedy|Documentary,1986.0,science roommates wedding archive story laugh nature culture awkward mishap town night wildlife,341
343,The Broken Machine 3,Romance|Horror,2024.0,ghost reunion soulmate ritual scream ghost ghost ritual world city couple,342
344,The Midnight Orchard 2,Action|Drama,2002.0,fast weapon night redemption world rescue struggle fight betrayal rescue secret mystery ambition,343
345,The Midnight Promise,Documentary,1985.0,nature secret unexpected culture facts past nature real science science society nature society,344
346,The Secret Promise 2,Documentary|Action,1996.0,journey wildlife battle battle revenge culture past mercenary world history rescue mercenary rescue hero,345
347,The Final Letter 2,Drama|Documentary,2006.0,small ambition small courtroom night investigation world unexpected road culture facts,346
348,The Last Kingdom 2,Horror,2003.0,blood journey scream scream haunted haunted nightmare dark cabin blood scream ritual scream scream,347
349,The Electric Orchard,Action|Drama,2017.0,ambition friendship struggle small loss grief fast rescue town mercenary ambition redemption town past,348
350,The Last Empire 3,Action,2010.0,revenge weapon story young young night battle world island unexpected secret,349
351,The Frozen Frontier,Documentary|Sci-Fi,2012.0,mystery science time science nature future cyber road wildlife story,350
352,The Broken Signal 3,Documentary|Comedy,1980.0,culture road history science hilarious unexpected prank wedding wildlife quirky silly society friendship party,351
353,The Golden Orchard 4,Romance,2024.0,passion soulmate proposal summer journey love world letters summer secret,352
354,The Silent Orchard,Sci-Fi|Horror,1998.0,road island story scream blood town future quantum world fear cyber,353
355,The Rising Voyage,Drama,2014.0,loss choices ambition truth ambition secret small loss sacrifice choices island truth loss family,354
356,The Burning Fortress,Action,1985.0,hero world explosive fight hero battle unexpected battle explosive city revenge revenge secret island,355
357,The Electric Promise 3,Documentary|Comedy|Romance,1999.0,night prank island city awkward wedding summer wedding story young history,356
358,The Final Promise 2,Animation|Action,1991.0,talking friends heist toy fast friends island magical heist mystery dragon road rescue,357
359,The Frozen Voyage 2,Horror,2006.0,scream scream curse demon island scream town demon scream journey scream,358
360,The Hidden Orchard,Comedy|Sci-Fi,1989.0,island galaxy awkward cyber party small planet time young experiment android,359
361,The Golden Letter,Animation,2019.0,adventure playful musical talking toy kingdom town world fairy dragon toy,360
362,The Hollow Garden 3,Action|Sci-Fi,1981.0,cyber android secret rescue mercenary city mercenary battle friendship small planet cyber android weapon,361
363,The Forgotten Garden,Animation|Drama|Horror,2014.0,friends redemption loss kingdom city journey haunted small secret choices family,362
364,The Electric Empire 2,Romance|Horror|Documentary,2001.0,expedition young haunted summer road ritual ghost unexpected expedition kiss blood demon couple,363
365,The Rising Legacy 4,Action|Drama|Animation,1994.0,unexpected magical explosive dragon animated mercenary night fairy revenge young heist betrayal night friendship,364
366,The Electric Mirror 2,Comedy,1988.0,silly mystery unexpected wedding hilarious silly past quirky hilarious mystery wedding,365
367,The Final Promise 3,Documentary|Action,2013.0,wildlife town history world archive chase chase revenge battle nature heist island,366
368,The Hidden Legacy 3,Documentary,1989.0,past expedition journey expedition city archive investigation young journey nature interview nature,367
369,The Electric Harbor 3,Drama,1982.0,loss town struggle redemption courtroom family struggle night choices redemption family redemption world,368
370,The Electric Summit 3,Romance|Animation,2019.0,island dragon kingdom mystery road dragon young fairy couple animated reunion journey island,369
371,The Hollow Promise,Action,2009.0,explosive fast city heist mystery secret fight explosive world small,370
372,The Distant Kingdom 2,Documentary,2003.0,unexpected science expedition archive world interview archive nature unexpected society city,371
373,The Forgotten Echo 2,Comedy,2016.0,road chaos mystery silly small silly silly chaos silly awkward laugh,372
374,The Frozen Harbor,Action,2021.0,secret explosive friendship soldier city heist unexpected unexpected story night secret,373
375,The Lost Signal 2,Drama|Romance|Documentary,2004.0,city heartbreak emotional unexpected redemption love betrayal grief road betrayal,374
376,The Secret Garden 3,Drama|Animation,1981.0,magical musical emotional loss colorful playful family young musical colorful betrayal,375
377,The Last Letter,Animation,2016.0,small magical unexpected adventure friends animated young kingdom island mystery kingdom dragon mystery town,376
378,The Wild Mirror,Comedy|Documentary,1981.0,friendship quirky secret interview laugh island quirky night small past world investigation,377
379,The Electric Echo 2,Drama,1999.0,redemption sacrifice courtroom story redemption family truth sacrifice struggle betrayal courtroom ambition sacrifice,378
380,The Golden Shadow,Documentary,2020.0,history friendship culture archive small nature history science culture interview investigation science,379
381,The Broken Orchard 4,Comedy|Animation|Romance,1988.0,love passion friendship letters reunion adventure hilarious awkward colorful hilarious dragon friends summer,380
382,The Final Letter 3,Drama,2001.0,struggle struggle redemption sacrifice road loss struggle sacrifice redemption courtroom courtroom night truth redemption,381
383,The Eternal Promise,Romance|Drama,2006.0,love night soulmate journey secret town destiny couple friendship grief dance choices kiss sacrifice,382
384,The Distant Voyage,Drama,1984.0,story loss family loss family redemption loss family redemption sacrifice emotional past journey,383
385,The Golden Echo 2,Horror,1983.0,haunted ghost nightmare friendship past town past town curse ghost scream demon past,384
386,The Burning Storm,Documentary|Comedy,2018.0,silly mishap wedding young prank silly young hilarious mishap secret,385
387,The Silent Shadow 2,Animation,2011.0,colorful adventure musical dragon adventure dragon adventure unexpected dragon animated mystery,386
388,The Hollow Storm,Horror|Action,1990.0,dark unexpected cabin fight city secret monster fight weapon young,387
389,The Midnight Garden 3,Documentary,2025.0,science archive archive nature investigation science interview secret wildlife secret island night,388
390,The Crimson Summit,Action|Animation,2001.0,animated young town fairy friends small mystery island past city talking adventure toy soldier,389
391,The Bright Frontier,Animation|Romance,2024.0,destiny toy talking story mystery passion unexpected kingdom talking fairy heartbreak story,390
392,The Golden Garden,Drama,2020.0,ambition night emotional emotional betrayal struggle ambition mystery emotional ambition truth,391
393,The Rising Orchard 2,Comedy|Romance,2023.0,friendship proposal wedding party silly mystery banter unexpected secret mishap heartbreak mishap,392
394,The Silent Legacy 2,Drama,1992.0,city town night betrayal world grief loss courtroom sacrifice truth,393
395,The Frozen River 4,Comedy|Documentary,2010.0,past world prank chaos silly unexpected investigation chaos hilarious city past society history world,394
396,The Last Voyage 2,Comedy,2009.0,journey past chaos night mishap hilarious silly town mishap laugh banter,395
397,The Electric Machine 2,Romance,2009.0,night reunion destiny letters friendship letters proposal young love love story friendship reunion couple,396
398,The Midnight Kingdom,Sci-Fi|Romance,2012.0,dance summer future dance passion time journey soulmate unexpected small galaxy planet reunion,397
399,The Secret Voyage,Documentary,1989.0,,398
400,The Lost Mirror 2,Animation|Horror,2010.0,adventure world night magical friendship blood toy colorful talking animated dragon magical world,399
401,The Silent Harbor,Sci-Fi,2012.0,mystery friendship young alien planet island young alien experiment future spaceship,400
402,The Frozen Letter 2,Horror,2022.0,scream ghost town curse blood ritual curse fear ghost haunted ghost story nightmare,401
403,The Electric Promise 4,Sci-Fi|Romance,1999.0,quantum reunion planet android summer spaceship past road letters colony reunion story time robot,402
404,The Frozen Garden 3,Animation|Comedy,1985.0,banter chaos unexpected chaos past party fairy friends adventure mishap animated animated,403
405,The Eternal Storm 2,Documentary|Sci-Fi,2001.0,nature town archive planet quantum interview science expedition science town past nature history interview,404
406,The Silent Summit 2,Animation|Action|Romance,2013.0,dance fast heartbreak musical fight animated road summer weapon couple fast talking,405
407,The Burning Kingdom,Documentary|Comedy,1981.0,mishap past wedding quirky hilarious archive nature wildlife culture prank party real,406
408,The Forgotten Machine 2,Documentary|Horror,2021.0,archive unexpected curse nature cabin unexpected story nightmare island culture expedition story,407
409,The Silent Garden 3,Documentary|Animation,2001.0,expedition unexpected mystery archive culture history unexpected fairy society playful science,408
410,The Burning Storm 2,Sci-Fi,1987.0,small galaxy night friendship experiment alien cyber spaceship planet secret cyber,409
411,The Silent Legacy 3,Horror|Animation,2020.0,island colorful unexpected kingdom magical city ghost mystery road ghost curse magical,410
412,The Golden Legacy 2,Sci-Fi|Documentary,2016.0,alien young quantum future archive facts colony wildlife science interview,411
413,The Distant Empire 3,Sci-Fi|Romance,2003.0,time destiny heartbreak passion city young night future letters colony destiny planet,412
414,The Burning Summit,Romance,2012.0,,413
415,The Bright River,Action|Romance,1981.0,soulmate chase passion destiny letters passion summer passion chase explosive couple,414
416,The Hidden Horizon 2,Documentary,2001.0,,415
417,The Rising Garden 3,Documentary|Horror,1985.0,island ritual real secret ghost secret curse story nightmare dark dark nightmare monster monster,416
418,The Bright Promise,Documentary|Horror,2000.0,interview secret unexpected ghost small past society real wildlife small archive,417
419,The Hollow Signal 2,Documentary|Drama,1997.0,choices loss city family friendship emotional investigation road society redemption struggle emotional,418
420,The Silent Letter 2,Drama|Animation|Documentary,1984.0,real fairy sacrifice adventure road courtroom ambition secret grief expedition toy society,419
421,The Crimson Legacy,Documentary,2015.0,nature society small friendship mystery night culture science real past,420
422,The Final River 2,Animation,1983.0,road toy animated dragon journey colorful toy magical magical colorful friends journey,421
423,The Silent River,Sci-Fi|Comedy,1992.0,world city world time chaos laugh banter hilarious alien hilarious journey,422
424,The Broken Empire,Horror|Action,2009.0,ghost fast friendship secret dark road ritual explosive cabin heist explosive city dark mercenary,423
425,The Hollow Frontier,Comedy,2007.0,roommates mishap chaos silly hilarious party silly friendship hilarious hilarious banter unexpected hilarious,424
426,The Secret Machine 2,Sci-Fi|Comedy,2005.0,journey party secret night chaos laugh silly world journey quirky planet banter night,425
427,The Secret Horizon 3,Documentary|Sci-Fi,2022.0,spaceship robot cyber alien planet secret spaceship wildlife interview spaceship interview,426
428,The Crimson Machine 2,Horror,1988.0,town unexpected unexpected haunted night ritual unexpected demon dark ritual mystery blood friendship,427
429,The Hidden Empire 2,Action|Documentary|Animation,2019.0,archive weapon revenge island kingdom explosive young investigation story facts night history friends,428
430,The Burning Machine,Romance|Animation|Documentary,2000.0,culture past expedition toy couple world magical dance story fairy letters town culture kiss,429
431,The Secret Letter 3,Sci-Fi,2019.0,cyber android alien quantum spaceship galaxy story future quantum unexpected world small galaxy,430
432,The Golden Promise,Romance|Action,1980.0,mercenary journey heartbreak town heartbreak soulmate story letters battle fast revenge hero,431
433,The Hollow Legacy,Horror|Action,2000.0,curse nightmare explosive hero small secret small small journey night cabin mercenary,432
434,The Hollow Machine 3,Action|Romance,2001.0,love dance island revenge summer rescue soldier fight journey letters,433
435,The Midnight River,Documentary,1988.0,interview nature expedition investigation culture real culture investigation secret facts interview wildlife,434
436,The Rising Horizon 3,Action|Horror,2024.0,heist soldier heist town heist demon explosive world fast soldier weapon,435
437,The Golden Garden 2,Comedy,2011.0,banter night road quirky awkward roommates world mishap wedding laugh,436
438,The Burning Fortress 2,Romance|Action,1987.0,love heartbreak young revenge letters explosive letters past dance rescue passion rescue,437
439,The Frozen Shadow,Romance,2022.0,kiss reunion heartbreak heartbreak letters summer passion story heartbreak summer,438
440,The Frozen Frontier 2,Drama|Horror,1995.0,struggle town demon fear redemption betrayal grief secret unexpected emotional blood emotional story,439
441,The Last Summit,Sci-Fi|Romance,1984.0,reunion journey quantum island love story mystery soulmate soulmate proposal dance planet colony time,440
442,The Midnight Signal 2,Drama|Horror|Comedy,2017.0,courtroom journey prank story wedding loss loss secret struggle betrayal night town,441
443,The Hollow Shadow,Comedy|Drama,1986.0,banter small mishap truth story young party roommates redemption awkward chaos family,442
444,The Last Signal,Action|Romance|Sci-Fi,2007.0,spaceship rescue town journey summer summer night android couple fast night,443
445,The Silent Kingdom,Horror|Animation,1992.0,small demon ritual demon blood demon colorful dark haunted town ritual haunted demon night,444
446,The Last Shadow 3,Comedy,2020.0,chaos prank city party small silly chaos laugh friendship hilarious journey quirky,445
447,The Frozen Storm 2,Romance|Sci-Fi,1981.0,island journey night experiment reunion galaxy soulmate alien spaceship summer planet road future,446
448,The Electric Frontier,Horror|Sci-Fi,1991.0,future haunted past road cyber colony future cyber city monster robot experiment past city,447
449,The Frozen Empire,Romance,2009.0,town summer kiss journey small proposal dance reunion soulmate passion,448
450,The Last Frontier 2,Documentary|Romance|Comedy,2000.0,kiss secret world road nature facts past silly couple facts world real journey reunion,449
451,The Silent River 2,Drama,1982.0,loss struggle family family truth betrayal betrayal sacrifice betrayal courtroom grief truth,450
452,The Hidden Summit 2,Sci-Fi,2003.0,cyber robot unexpected galaxy time time friendship galaxy robot spaceship world friendship galaxy android,451
453,The Rising Shadow 3,Romance,2014.0,road island proposal summer friendship kiss kiss passion soulmate reunion proposal couple love,452
454,The Midnight Signal 3,Animation|Action,1984.0,colorful town magical rescue story musical heist unexpected small explosive past,453
455,The Eternal Empire,Animation|Sci-Fi,1996.0,friends playful musical kingdom spaceship galaxy animated musical young colony town young quantum magical,454
456,The Forgotten Signal 4,Animation|Documentary,2022.0,expedition wildlife journey kingdom society dragon wildlife toy road adventure nature,455
457,The Eternal Storm 3,Action|Animation,2000.0,soldier kingdom secret soldier mystery young explosive battle fight hero mystery battle young magical,456
458,The Wild Voyage 2,Comedy,2014.0,chaos laugh party unexpected world wedding city friendship mishap hilarious,457
459,The Frozen Promise 2,Documentary|Drama,1982.0,society redemption grief truth expedition loss world loss archive struggle,458
460,The Crimson Frontier 2,Action|Romance,2018.0,road night weapon city world soulmate battle love explosive hero night chase,459
461,The Bright Orchard 2,Action|Romance,2000.0,past small rescue town unexpected story summer soulmate couple night,460
462,The Midnight Garden 4,Comedy|Drama,2013.0,redemption choices party ambition town grief roommates choices secret hilarious past sacrifice hilarious banter,461
463,The Hidden Letter,Romance|Horror,2009.0,ghost love cabin story story reunion monster couple demon fear curse,462
464,The Frozen Harbor 2,Comedy,1987.0,banter island road prank hilarious awkward past chaos laugh silly,463
465,The Midnight Orchard 3,Drama|Action,2004.0,hero fast story mercenary struggle hero fight fight rescue sacrifice emotional struggle truth,464
466,The Frozen Legacy 3,Animation,1984.0,island animated talking friendship dragon toy musical playful talking friendship fairy,465
467,The Crimson Frontier 3,Drama|Documentary,1983.0,struggle facts society interview investigation journey ambition investigation choices emotional unexpected expedition,466
468,The Midnight Letter 4,Sci-Fi|Animation,2017.0,city playful young talking future future secret talking android musical,467
469,The Broken Garden,Animation|Drama|Horror,2023.0,small ghost adventure nightmare unexpected demon talking story mystery talking world ghost magical struggle,468
470,The Rising Fortress 3,Comedy|Horror|Sci-Fi,2017.0,friendship world wedding wedding experiment awkward secret mishap banter future past experiment,469
471,The Burning Mirror 3,Horror|Comedy,1988.0,chaos dark prank city secret dark unexpected prank journey world demon town curse chaos,470
472,The Final Voyage,Drama|Documentary,1988.0,real real nature culture night betrayal redemption wildlife wildlife truth courtroom small society interview,471
473,The Golden Garden 3,Animation|Horror,2017.0,cabin dragon playful secret town night nightmare playful night road nightmare,472
474,The Secret Garden 4,Comedy|Animation|Action,1987.0,,473
475,The Final Kingdom 3,Documentary,2008.0,real culture journey facts science town mystery society facts past real secret history expedition,474
476,The Last Harbor 2,Drama,2014.0,town family redemption mystery road truth sacrifice family loss grief ambition world truth emotional,475
477,The Distant Mirror,Sci-Fi,1998.0,quantum young road time town cyber unexpected cyber time secret quantum quantum,476
478,The Forgotten Frontier 5,Documentary|Action,1999.0,expedition battle investigation unexpected chase investigation revenge revenge investigation history past expedition chase,477
479,The Midnight Frontier,Drama,2015.0,city story grief journey betrayal courtroom town redemption redemption emotional grief island ambition young,478
480,The Secret Mirror,Sci-Fi|Action,1987.0,experiment future hero heist explosive world heist island hero heist story mercenary explosive world,479
481,The Broken Mirror 2,Documentary,1988.0,nature science interview journey past facts archive society secret town science facts,480
482,The Hollow Horizon,Comedy|Animation|Horror,2008.0,adventure toy laugh road curse chaos magical dragon animated quirky small adventure prank ghost,481
483,The Final Orchard,Action|Animation,2011.0,rescue road fight colorful rescue revenge animated chase friends heist,482
484,The Distant Harbor,Action,1991.0,chase weapon secret soldier soldier soldier town weapon world rescue,483
485,The Final River 3,Drama|Comedy,2017.0,laugh loss roommates hilarious night sacrifice struggle redemption emotional silly party wedding,484
486,The Crimson Mirror 4,Romance,1996.0,love kiss heartbreak dance island unexpected island kiss city destiny love secret kiss town,485
487,The Rising Voyage 2,Sci-Fi|Drama,2004.0,alien struggle experiment quantum robot choices young world loss betrayal island loss small quantum,486
488,The Golden Horizon,Horror|Action,2010.0,fight curse friendship soldier mercenary unexpected weapon blood small fight journey,487
489,The Last Orchard 3,Romance|Horror|Sci-Fi,2003.0,small road dance reunion town night island road passion past cyber city spaceship cabin,488
490,The Eternal Orchard 2,Romance|Sci-Fi|Horror,1990.0,mystery road alien ghost spaceship demon time galaxy letters island,489
491,The Wild Shadow,Sci-Fi,1981.0,spaceship cyber mystery android story experiment story mystery mystery story unexpected time mystery colony,490
492,The Frozen Frontier 3,Documentary|Romance,2009.0,destiny secret heartbreak archive nature expedition road mystery secret summer reunion secret expedition,491
493,The Wild Legacy 3,Documentary|Comedy,1990.0,laugh nature mystery friendship friendship laugh small small facts roommates nature,492
494,The Distant Harbor 2,Documentary,2020.0,friendship real secret real investigation wildlife nature nature facts culture night interview,493
495,The Hidden Promise,Romance,2001.0,proposal love soulmate dance soulmate city proposal road passion proposal proposal kiss letters story,494
496,The Lost Fortress 3,Romance|Action,2021.0,world soldier heist secret city rescue proposal battle explosive passion mercenary fast soulmate mercenary,495
497,The Broken Mirror 3,Drama|Horror,1982.0,past sacrifice struggle journey choices choices night unexpected past blood,496
498,The Frozen Frontier 4,Comedy,2021.0,friendship chaos prank chaos hilarious banter prank chaos laugh quirky,497
499,The Frozen Echo 4,Drama|Comedy|Sci-Fi,2016.0,friendship secret young laugh city town hilarious town island chaos,498
500,The Secret Fortress 2,Drama|Comedy,2013.0,awkward truth small sacrifice night hilarious redemption awkward loss sacrifice wedding choices struggle laugh,499
501,The Hollow Shadow 2,Documentary,1983.0,investigation interview society small nature small investigation real investigation facts expedition expedition facts,500
502,The Wild Summit,Action|Comedy,2003.0,,501
503,The Golden Letter 2,Animation|Documentary,2013.0,science playful interview world wildlife kingdom wildlife colorful adventure friends past interview,502
504,The Bright Fortress,Action,2022.0,rescue heist fight chase hero fast heist fight heist mercenary revenge weapon fast unexpected,503
505,The Electric Fortress,Comedy,1991.0,friendship roommates party past town island awkward past young young mishap,504
506,The Crimson Promise 4,Comedy|Action|Sci-Fi,2021.0,cyber weapon experiment chaos silly galaxy mercenary explosive small mishap battle story,505
507,The Hidden Harbor 2,Documentary|Animation,2016.0,expedition adventure real animated animated wildlife investigation wildlife kingdom city interview journey interview,506
508,The Frozen Machine,Action,2017.0,battle battle hero fast soldier journey mercenary past city rescue,507
509,The Eternal Voyage 2,Horror,2015.0,dark ritual ghost fear haunted dark monster monster blood dark town scream,508
510,The Silent Garden 4,Drama|Documentary,2023.0,,509
511,The Last Empire 4,Romance|Documentary,2001.0,night road real nature soulmate town passion journey destiny story secret real,510
512,The Bright Machine 3,Drama,1996.0,unexpected emotional courtroom struggle courtroom young courtroom struggle young courtroom journey,511
513,The Hollow Empire 3,Action,1981.0,story chase battle revenge friendship island battle friendship soldier soldier explosive heist,512
514,The Last Kingdom 3,Animation,2000.0,unexpected musical kingdom adventure fairy past past secret toy animated kingdom toy colorful playful,513
515,The Wild Harbor,Drama|Horror,1980.0,truth secret sacrifice blood demon sacrifice ritual ritual choices mystery betrayal loss ambition small,514
516,The Rising Signal 2,Horror|Documentary|Action,1995.0,past expedition cabin story blood demon society unexpected small ghost small interview society,515
517,The Electric Harbor 4,Drama,2007.0,emotional betrayal truth grief courtroom road courtroom betrayal redemption loss grief world grief,516
518,The Last Shadow 4,Comedy|Animation,1989.0,past dragon fairy mishap silly past toy night small friends dragon,517
519,The Final River 4,Comedy,1984.0,unexpected chaos party roommates unexpected journey quirky secret laugh prank laugh,518
520,The Midnight Machine 4,Horror,2000.0,scream secret past ghost fear dark past curse haunted blood,519
521,The Electric Summit 4,Comedy|Drama|Documentary,1995.0,real nature mishap mishap unexpected friendship road wedding loss banter silly emotional,520
522,The Midnight Echo 3,Romance|Sci-Fi,2001.0,letters robot experiment soulmate dance road heartbreak reunion unexpected small friendship proposal,521
523,The Electric Signal 3,Action|Sci-Fi,2014.0,android soldier friendship colony weapon explosive island night time revenge alien chase,522
524,The Hidden Frontier,Romance,2008.0,passion young destiny young reunion dance love heartbreak reunion love heartbreak,523
525,The Burning Garden 4,Animation,2001.0,toy young colorful toy story adventure magical talking toy colorful,524
526,The Frozen Echo 5,Horror,1994.0,fear mystery journey story young scream demon blood ritual scream fear cabin,525
527,The Frozen Storm 3,Documentary|Action,1980.0,hero chase science hero archive chase society interview past interview,526
528,The Last Storm 2,Documentary,1986.0,history archive investigation wildlife real science night real wildlife archive culture culture friendship,527
529,The Midnight Promise 2,Comedy|Animation,2025.0,talking playful colorful kingdom wedding island world mystery kingdom awkward animated mystery playful journey,528
530,The Midnight Harbor 3,Horror|Documentary,2004.0,expedition ghost story friendship ghost investigation investigation curse ghost dark scream fear island,529
531,The Forgotten Legacy 2,Documentary|Romance|Action,1980.0,road proposal passion past culture wildlife society expedition city science kiss reunion destiny road,530
532,The Golden Shadow 2,Animation|Horror,2020.0,ghost young kingdom colorful scream scream haunted city animated playful mystery ghost fear,531
533,The Forgotten Echo 3,Action|Horror|Drama,1992.0,,532
534,The Final Frontier,Comedy|Romance,1983.0,hilarious small night proposal unexpected young soulmate summer road town island roommates quirky unexpected,533
535,The Lost River 2,Horror|Drama,2019.0,dark night small past night courtroom fear cabin curse sacrifice fear choices,534
536,The Burning Horizon,Drama,2020.0,secret betrayal journey journey emotional redemption unexpected loss truth grief,535
537,The Forgotten Fortress,Romance,1991.0,dance story couple kiss love reunion proposal reunion letters passion couple reunion summer town,536
538,The Rising Signal 3,Drama|Comedy|Romance,1982.0,dance world dance silly ambition summer silly secret journey world couple soulmate roommates story,537
539,The Electric Signal 4,Animation|Documentary,2016.0,friends culture animated archive expedition society real musical wildlife culture science investigation archive investigation,538
540,The Midnight Machine 5,Action|Horror|Comedy,2000.0,awkward ghost night nightmare revenge world revenge night monster nightmare secret town revenge,539
541,The Final Storm,Horror,2012.0,ritual small nightmare curse ritual ritual city ghost friendship fear fear island demon ghost,540
542,The Secret Orchard 2,Documentary|Romance,2011.0,culture investigation expedition nature soulmate summer facts investigation kiss real history passion facts,541
543,The Hidden Machine 2,Horror,2003.0,cabin dark demon cabin night demon road road dark cabin fear monster friendship city,542
544,The Hollow Storm 2,Documentary|Drama,1981.0,world expedition story nature history world investigation family city sacrifice small journey past journey,543
545,The Burning Garden 5,Animation|Action,1980.0,battle magical world dragon fight story friends island dragon unexpected dragon magical young,544
546,The Frozen Mirror 2,Animation|Romance,2014.0,,545
547,The Hollow Echo 3,Animation|Sci-Fi,1982.0,animated fairy fairy city adventure town talking adventure dragon planet night past,546
548,The Lost Empire,Horror,2017.0,scream curse fear demon ritual dark island demon secret world demon fear,547
549,The Hollow Promise 2,Drama|Animation|Sci-Fi,1987.0,playful talking colony future talking island spaceship friendship musical kingdom adventure robot robot,548
550,The Silent Mirror,Action,1986.0,past fight heist weapon town revenge soldier story mystery mercenary,549
551,The Rising Voyage 3,Comedy|Animation,2000.0,musical awkward colorful wedding small island hilarious animated wedding small,550
552,The Final Signal 2,Action|Sci-Fi,1996.0,island future young hero robot spaceship unexpected galaxy past hero android,551
553,The Lost Signal 3,Animation,2019.0,fairy adventure dragon talking adventure talking adventure adventure journey dragon,552
554,The Hidden Letter 2,Animation,2016.0,island playful adventure road secret magical colorful dragon world playful island talking friends,553
555,The Final River 5,Sci-Fi|Animation|Comedy,1991.0,,554
556,The Distant Horizon 2,Romance|Animation,2009.0,soulmate city heartbreak love letters colorful magical friendship talking island colorful musical,555
557,The Broken Kingdom 2,Animation|Horror,2019.0,road fear mystery blood ghost kingdom ritual playful nightmare animated friendship ritual adventure,556
558,The Broken Voyage 2,Action,2022.0,journey rescue soldier rescue friendship revenge chase battle battle small battle friendship battle weapon,557
559,The Secret Orchard 3,Animation,2024.0,world adventure fairy musical journey night talking fairy secret toy magical kingdom toy fairy,558
560,The Electric Voyage,Sci-Fi|Documentary,1983.0,wildlife culture science spaceship young quantum history past alien facts society quantum world,559
561,The Silent Empire,Sci-Fi,1980.0,,560
562,The Crimson Horizon 2,Sci-Fi|Comedy,1998.0,wedding prank prank roommates friendship alien mystery spaceship colony hilarious prank world chaos,561
563,The Hollow Machine 4,Action,2015.0,rescue rescue past hero explosive battle mercenary fast unexpected rescue fight,562
564,The Bright Frontier 2,Sci-Fi|Documentary|Drama,2021.0,grief family expedition quantum truth truth quantum cyber courtroom history alien struggle courtroom,563
565,The Wild Frontier 2,Animation|Documentary,2016.0,small young musical dragon unexpected unexpected talking mystery small kingdom science society journey society,564
566,The Midnight Legacy 3,Sci-Fi|Horror,2010.0,small town friendship mystery cyber haunted future monster unexpected fear ghost,565
567,The Forgotten Promise 2,Horror,2013.0,haunted monster nightmare dark demon fear haunted scream cabin blood ghost dark ghost,566
568,The Distant Empire 4,Drama|Comedy|Animation,1990.0,struggle adventure sacrifice loss hilarious toy night redemption loss choices colorful,567
569,The Electric Echo 3,Romance|Animation,2015.0,playful couple talking colorful colorful talking letters musical heartbreak dragon island,568
570,The Electric Fortress 2,Romance|Action,1984.0,proposal heist journey letters letters passion weapon mercenary revenge passion friendship dance letters,569
571,The Bright Harbor,Documentary,2017.0,society journey investigation archive mystery interview story unexpected interview society young facts culture mystery,570
572,The Final Machine,Documentary|Action|Drama,2001.0,night weapon weapon journey struggle rescue chase mystery weapon island,571
573,The Lost Voyage,Action,2009.0,mercenary revenge chase mercenary mercenary battle heist explosive past journey,572
574,The Frozen Promise 3,Romance|Animation,1986.0,night small friends friends couple fairy destiny story heartbreak passion musical magical,573
575,The Burning Summit 2,Comedy|Action,1996.0,mystery fast journey mercenary weapon roommates unexpected weapon chaos roommates mercenary mercenary world weapon,574
576,The Eternal Fortress,Horror,1981.0,,575
577,The Midnight Letter 5,Horror|Romance,2025.0,monster secret monster haunted city heartbreak young monster couple dance fear dark city scream,576
578,The Lost Orchard 2,Documentary,1988.0,night wildlife culture archive science small island archive secret expedition town,577
579,The Golden Summit,Drama,1981.0,sacrifice family mystery emotional secret mystery truth friendship unexpected choices,578
580,The Eternal Harbor,Comedy|Drama,2007.0,town city loss grief truth mystery roommates secret ambition courtroom loss,579
581,The Wild Voyage 3,Romance|Drama,1998.0,city truth soulmate friendship passion struggle heartbreak sacrifice proposal passion proposal grief,580
582,The Hollow Fortress 2,Comedy,1981.0,mystery prank wedding unexpected quirky awkward unexpected banter chaos roommates hilarious wedding night young,581
583,The Frozen Garden 4,Documentary,2020.0,interview city interview journey society investigation unexpected real science archive interview city facts,582
584,The Silent Echo 2,Sci-Fi,1987.0,alien night friendship quantum quantum colony small spaceship cyber planet experiment alien colony spaceship,583
585,The Secret Letter 4,Animation,2013.0,dragon toy animated magical magical talking kingdom dragon animated young dragon night playful musical,584
586,The Distant Frontier 2,Sci-Fi|Comedy|Horror,2018.0,night alien city quantum mishap time nightmare awkward blood blood road hilarious unexpected,585
587,The Eternal Signal,Comedy,2018.0,quirky prank awkward story chaos unexpected island mishap laugh banter world roommates friendship,586
588,The Silent Harbor 2,Sci-Fi,1984.0,spaceship experiment robot galaxy secret spaceship cyber world android unexpected spaceship experiment spaceship,587
589,The Lost Signal 4,Animation,2014.0,colorful musical night friends colorful friends young playful musical dragon,588
590,The Crimson River 4,Action|Sci-Fi,1986.0,weapon alien cyber fight friendship young explosive young soldier city,589
591,The Distant Letter 2,Comedy|Sci-Fi,2025.0,world laugh world colony party experiment spaceship secret prank silly galaxy banter android,590
592,The Burning Mirror 4,Drama,2010.0,choices family truth struggle small world grief loss sacrifice loss grief ambition town loss,591
593,The Midnight Harbor 4,Drama|Animation,1988.0,toy playful dragon colorful choices musical night colorful island colorful truth secret,592
594,The Golden Orchard 5,Sci-Fi|Drama|Romance,1992.0,reunion love letters grief reunion sacrifice unexpected struggle struggle small love future,593
595,The Wild River,Comedy,1987.0,prank journey prank city party mystery city silly roommates journey hilarious awkward story,594
596,The Midnight Kingdom 2,Drama,1991.0,loss family choices family world sacrifice small loss small ambition truth courtroom courtroom friendship,595
597,The Broken Shadow 2,Romance|Sci-Fi|Comedy,2006.0,banter road galaxy planet laugh dance mishap android spaceship island city cyber island passion,596
598,The Frozen Frontier 5,Drama|Sci-Fi,1991.0,story emotional sacrifice betrayal android time story secret future world choices spaceship,597
599,The Electric Storm,Sci-Fi|Drama,2013.0,planet experiment story struggle colony alien choices city friendship choices friendship,598
600,The Hollow Frontier 2,Horror|Romance|Documentary,2017.0,love cabin kiss dark ghost friendship wildlife demon haunted real culture passion heartbreak road,599
